"","V1","V2"
"1","116HG","DOID:11983"
"2","1B FGF-antisense transcripts","DOID:289"
"3","51A","DOID:10652"
"4","RN7SK","DOID:162,DOID:2377"
"5","RN7SL1","DOID:10223,DOID:10222"
"6","ACTA2-AS1","DOID:3910"
"7","AK023948","DOID:3969"
"8","Alu lncRNAs","DOID:4448"
"9","CDKN2B-AS1","DOID:1936,DOID:162,DOID:824,DOID:10283,DOID:7693,DOID:10652,DOID:3627,DOID:2513,DOID:1612,DOID:3393,DOID:9351,DOID:289,DOID:10941,DOID:1686,DOID:1240,DOID:1909,DOID:5844,DOID:8712,DOID:0050830,DOID:5151,DOID:9352,DOID:9408,DOID:3347,DOID:1781,DOID:9256,DOID:2394,DOID:10763,DOID:3121,DOID:1324,DOID:4362,DOID:684,DOID:5041"
"10","anti-NOS2A","DOID:3565"
"11","FMR1-AS1","DOID:14261"
"12","ATP6V1G2-DDX39B","DOID:12930"
"13","BACE1-AS","DOID:10652,DOID:3429,DOID:2394"
"14","BANCR","DOID:1909,DOID:3969,DOID:3347,DOID:768,DOID:684,DOID:9256,DOID:1324"
"15","BC040587","DOID:3347,DOID:1612"
"16","BCAR4","DOID:1612,DOID:3347,DOID:9256"
"17","BCYRN1","DOID:10652,DOID:1612,DOID:4362,DOID:1324,DOID:5041,DOID:2394,DOID:8649"
"18","BDNF-AS","DOID:12858,DOID:5419"
"19","BDNF-AS1","DOID:9970"
"20","BOK-AS1","DOID:162,DOID:2998"
"21","BX118339","DOID:0050562"
"22","C15orf2","DOID:1932,DOID:11983"
"23","C1QTNF9B-AS1","DOID:10283"
"24","CASC2","DOID:1380,DOID:4450,DOID:9256,DOID:1324"
"25","CBR3-AS1","DOID:10283,DOID:684"
"26","CCAT1","DOID:9256,DOID:3910,DOID:1380,DOID:1324,DOID:684,DOID:9119,DOID:1612,DOID:3121,DOID:219"
"27","CCAT2","DOID:1612,DOID:10283,DOID:684,DOID:2394,DOID:0050866,DOID:4362,DOID:1324,DOID:219"
"28","CDKN2B-AS13","DOID:5151"
"29","CDKN2B-AS3","DOID:10941"
"30","CDKN2B-AS4","DOID:162"
"31","CDKN2B-AS5","DOID:9352"
"32","CDKN2B-AS6","DOID:769"
"33","CDKN2B-AS8","DOID:1909"
"34","CDKN2B-AS9","DOID:10283"
"35","CRNDE","DOID:9256,DOID:1040,DOID:4450,DOID:3121,DOID:0050902,DOID:2394"
"36","CTBP1-AS","DOID:10283,DOID:11612"
"37","D4Z4","DOID:11727"
"38","DAOA-AS1","DOID:3312,DOID:594,DOID:5419"
"39","DBET","DOID:11727"
"40","DGCR5","DOID:11198,DOID:12858,DOID:12583"
"41","DISC2","DOID:0060041,DOID:3312,DOID:5419"
"42","DLEU1","DOID:1040,DOID:0060058"
"43","DNM3OS","DOID:2394"
"44","DQ786243","DOID:8778,DOID:9256"
"45","DSCAM-AS1","DOID:1612"
"46","EPB41L4A-AS1","DOID:162"
"47","ESRG","DOID:3308,DOID:10941"
"48","FMR5","DOID:14261"
"49","FMR6","DOID:14261"
"50","GAS5","DOID:1612,DOID:162,DOID:263,DOID:0060058,DOID:1909,DOID:10283,DOID:2394,DOID:10763,DOID:9256,DOID:684,DOID:9352,DOID:1324,DOID:1380,DOID:11934,DOID:3910,DOID:8398,DOID:4362,DOID:0050746,DOID:1793,DOID:4450"
"51","GDNF-AS1","DOID:10652"
"52","H19","DOID:3948,DOID:1936,DOID:5572,DOID:1612,DOID:162,DOID:4362,DOID:3594,DOID:219,DOID:2025,DOID:684,DOID:9279,DOID:5223,DOID:263,DOID:3571,DOID:1324,DOID:0050902,DOID:1909,DOID:3565,DOID:769,DOID:9970,DOID:2394,DOID:3829,DOID:11983,DOID:10591,DOID:10283,DOID:14681,DOID:3393,DOID:9256,DOID:8577,DOID:3498,DOID:3121,DOID:10316,DOID:3347,DOID:1781,DOID:14330,DOID:2876,DOID:3308,DOID:5041,DOID:289,DOID:4450,DOID:8398,DOID:1793"
"53","HAR1A","DOID:10652,DOID:12858,DOID:5419"
"54","HAR1B","DOID:10652,DOID:12858,DOID:5419"
"55","HEIH","DOID:684"
"56","HIF1A-AS1","DOID:263,DOID:9408,DOID:3627"
"57","HIF1A-AS2","DOID:263,DOID:1612"
"58","LINC01370","DOID:9352"
"59","HLA-AS1","DOID:2377,DOID:8893"
"60","HNF1A-AS1","DOID:299,DOID:3347,DOID:684,DOID:1793,DOID:3910"
"61","HOTAIR","DOID:1612,DOID:162,DOID:4362,DOID:219,DOID:9256,DOID:1380,DOID:2394,DOID:684,DOID:2876,DOID:3571,DOID:3910,DOID:1324,DOID:0050866,DOID:1793,DOID:7148,DOID:4451,DOID:12603,DOID:3347,DOID:9253,DOID:3969,DOID:0050745,DOID:14330,DOID:10283,DOID:9119,DOID:5520,DOID:3498,DOID:3717,DOID:10591,DOID:6271,DOID:8398,DOID:2129,DOID:3121,DOID:4450,DOID:3829,DOID:1909"
"62","HOTTIP","DOID:684,DOID:1793,DOID:9256,DOID:3347,DOID:10283,DOID:3498,DOID:1324,DOID:0050865,DOID:10487"
"63","HTT-AS","DOID:12858"
"64","HTTAS_v1","DOID:12858"
"65","HULC","DOID:684,DOID:3571,DOID:1793,DOID:3347,DOID:9256,DOID:4362,DOID:0050745,DOID:1936,DOID:5082,DOID:5041"
"66","HYMAI","DOID:0060334"
"67","IFNG-AS1","DOID:2377"
"68","IGF2-AS","DOID:684,DOID:10283,DOID:9744"
"69","IPW","DOID:11983"
"70","KCNQ1OT1","DOID:5572,DOID:9256,DOID:684,DOID:263,DOID:9408,DOID:1612"
"71","KRAS1P","DOID:162"
"72","LINC00850","DOID:11723"
"73","LALR","DOID:684"
"74","LINC00032","DOID:1909"
"75","PICSAR","DOID:8986"
"76","LINC00271","DOID:5419,DOID:9352"
"77","LINC00963","DOID:10283,DOID:4450"
"78","LINC01262","DOID:14330"
"79","LINCMD1","DOID:11723"
"80","lincRNA-p21","DOID:1324,DOID:162"
"81","lncRNA-ATB","DOID:684,DOID:9256,DOID:10316,DOID:4450"
"82","LncRNA-LALR1","DOID:3571"
"83","NPTN-IT1","DOID:162,DOID:9256,DOID:684"
"84","lncRNA-MVIH","DOID:684"
"85","LOC554202","DOID:1612,DOID:9256"
"86","LOC728606","DOID:10283"
"87","TUSC7","DOID:3347,DOID:684,DOID:9119"
"88","LSINCT5","DOID:1612,DOID:2394"
"89","MALAT1","DOID:1612,DOID:162,DOID:4362,DOID:219,DOID:9256,DOID:9351,DOID:1380,DOID:3121,DOID:684,DOID:263,DOID:2876,DOID:3571,DOID:3910,DOID:1324,DOID:769,DOID:3347,DOID:1793,DOID:10283,DOID:4450,DOID:9538,DOID:9408,DOID:4467,DOID:5041,DOID:14330,DOID:6039,DOID:255,DOID:1781,DOID:0050865,DOID:2394,DOID:1909,DOID:332,DOID:3498,DOID:9719,DOID:10591,DOID:0050866,DOID:8947"
"90","MAP3K14","DOID:3498"
"91","MEG3","DOID:9119,DOID:1612,DOID:162,DOID:8552,DOID:219,DOID:684,DOID:12858,DOID:263,DOID:1324,DOID:3565,DOID:0050908,DOID:769,DOID:3829,DOID:10283,DOID:9352,DOID:4362,DOID:1380,DOID:3910,DOID:768,DOID:9256,DOID:0050865,DOID:1793,DOID:9351,DOID:3347,DOID:3121,DOID:4450,DOID:8398,DOID:1781,DOID:9538"
"92","MESTIT1","DOID:14681"
"93","MIAT","DOID:162,DOID:5844,DOID:5419,DOID:9408,DOID:1040,DOID:10652,DOID:3910,DOID:10283,DOID:8947,DOID:12930"
"94","MINA","DOID:684,DOID:1324"
"95","MIR100HG","DOID:11830,DOID:4362,DOID:769,DOID:8692"
"96","MIR155HG","DOID:1040"
"97","MIR17HG","DOID:162,DOID:0060058"
"98","MIR31HG","DOID:1612,DOID:3498"
"99","MIR7-3HG","DOID:684,DOID:3571"
"100","NAMA","DOID:3969"
"101","SNHG16","DOID:769,DOID:9256"
"102","NDM29","DOID:769"
"103","NEAT1","DOID:332,DOID:12858,DOID:0050866,DOID:5223,DOID:1380,DOID:2394,DOID:1612,DOID:9074,DOID:1240,DOID:2377,DOID:14330,DOID:3717,DOID:2876,DOID:9256,DOID:684,DOID:1040,DOID:10283,DOID:0060318"
"104","PAN","DOID:8632"
"105","PANDAR","DOID:162,DOID:9256,DOID:1612,DOID:4450,DOID:684"
"106","PCA3","DOID:10283"
"107","PCAT1","DOID:162,DOID:10283,DOID:684,DOID:1324,DOID:9256"
"108","PCGEM1","DOID:10283,DOID:8398"
"109","PCNA-AS1","DOID:162,DOID:684"
"110","PCNCR1","DOID:10283"
"111","PDZRN3-AS1","DOID:9352"
"112","PINK1-AS","DOID:9351,DOID:14330"
"113","PRNCR1","DOID:10283,DOID:9256"
"114","PSORS1C3","DOID:8893"
"115","PTCSC1","DOID:3969"
"116","PTCSC3","DOID:3969,DOID:1781"
"117","PTENP1","DOID:162,DOID:10283,DOID:4450,DOID:684"
"118","PTENpg1","DOID:162"
"119","PVT1","DOID:1612,DOID:8584,DOID:162,DOID:9296,DOID:2370,DOID:8567,DOID:0060058,DOID:3721,DOID:2394,DOID:1793,DOID:10283,DOID:263,DOID:9352,DOID:684,DOID:3907,DOID:4362,DOID:5041,DOID:2841,DOID:4451,DOID:4450,DOID:0060318,DOID:1781,DOID:9256,DOID:707,DOID:9538"
"120","REST/CoREST-regulated lncRNAs","DOID:12858"
"121","RMST","DOID:3247,DOID:1612"
"122","SCHLAP1","DOID:10283"
"123","SNHG11","DOID:9970"
"124","SNHG3","DOID:10652,DOID:684"
"125","SNHG4","DOID:0050908"
"126","SNHG5","DOID:0060058,DOID:1909"
"127","SOX2-OT","DOID:10652,DOID:9256,DOID:1324,DOID:1612,DOID:3907,DOID:684"
"128","SPRY4-IT1","DOID:1909,DOID:4362,DOID:9256,DOID:684,DOID:10283,DOID:1324,DOID:1612,DOID:4467,DOID:10591"
"129","TC0100223","DOID:162"
"130","TC0101441","DOID:162,DOID:2394"
"131","TC0101686","DOID:162"
"132","TCL6","DOID:1240,DOID:0060058,DOID:4450"
"133","TDRG1","DOID:2998,DOID:12449"
"134","TERC","DOID:2729,DOID:10283,DOID:3907"
"135","THRIL","DOID:13378"
"136","TINCR","DOID:1749,DOID:9256"
"137","TRAF3IP2-AS1","DOID:5419"
"138","T-UCRs","DOID:769"
"139","TUG1","DOID:12858,DOID:1612,DOID:784,DOID:2394,DOID:3347,DOID:219,DOID:9256,DOID:687,DOID:684,DOID:4450,DOID:2377,DOID:10283,DOID:1909,DOID:4006"
"140","TUSC8","DOID:4362"
"141","U1 spliceosomal lncRNA","DOID:14330"
"142","SNHG14","DOID:1932,DOID:11983"
"143","UBE3A-ATS","DOID:1932"
"144","UCA1","DOID:0050866,DOID:1749,DOID:0050865,DOID:162,DOID:684,DOID:1612,DOID:5041,DOID:1793,DOID:2394,DOID:3498,DOID:1380,DOID:1909,DOID:3347,DOID:3571,DOID:9256,DOID:9408,DOID:4450,DOID:219,DOID:10283,DOID:1324,DOID:9119"
"145","WRAP53","DOID:162,DOID:2729,DOID:684"
"146","WT1-AS","DOID:9119,DOID:684"
"147","XIST","DOID:1612,DOID:162,DOID:1921,DOID:2998,DOID:684,DOID:2394"
"148","LINC00538","DOID:162,DOID:9256"
"149","ZFAS1","DOID:1612,DOID:684,DOID:9256"
"150","LINC01133","DOID:3907,DOID:9256"
"151","lnc-LCE5A-1","DOID:5520"
"152","FAM3D-AS1","DOID:5520"
"153","AS Uchl1","DOID:14330"
"154","LOC728228","DOID:1324"
"155","DRAIC","DOID:162,DOID:3910,DOID:4467,DOID:684,DOID:8923"
"156","NBAT1","DOID:769,DOID:1612,DOID:4467"
"157","ENST00000480739","DOID:3498"
"158","RP5-833A20.1","DOID:1936"
"159","LINC-ROR","DOID:1612,DOID:3121,DOID:9256,DOID:219,DOID:1793,DOID:684,DOID:1380"
"160","AC006050.3","DOID:3907"
"161","WNT4","DOID:289"
"162","HA117","DOID:10487"
"163","TARID","DOID:162,DOID:4880"
"164","GSEC","DOID:219"
"165","AFAP1-AS1","DOID:3910,DOID:3498,DOID:9256,DOID:684,DOID:1324,DOID:1793"
"166","LINC00511","DOID:3910,DOID:1612"
"167","NONHSAT076747","DOID:3969"
"168","NONHSAT122730","DOID:3969"
"169","NONHSAG051968","DOID:3969"
"170","HOXA11-AS","DOID:4362,DOID:2394"
"171","NBR2","DOID:162"
"172","ASBEL","DOID:9256"
"173","FOXP4-AS1","DOID:9256"
"174","HOTAIRM1","DOID:1240,DOID:9256,DOID:0060318,DOID:3498,DOID:9119"
"175","91H","DOID:1612,DOID:3347,DOID:9256"
"176","PCAT14","DOID:10283"
"177","LOC100287225","DOID:9256"
"178","AK098081","DOID:9256"
"179","BC040303","DOID:9256"
"180","BC037331","DOID:9256"
"181","CR749831","DOID:9256"
"182","linc-cdh4-2","DOID:684"
"183","numb","DOID:6039"
"184","AC012065.7","DOID:1040"
"185","JPX","DOID:684"
"186","ZEB2-AS1","DOID:684"
"187","SNHG7","DOID:1324"
"188","RP1130-1","DOID:684"
"189","LINC00161","DOID:3347"
"190","Unigene56159","DOID:684"
"191","HCG11","DOID:10283"
"192","CCDC26","DOID:1793,DOID:9119,DOID:1612"
"193","CCEPR","DOID:684,DOID:4362"
"194","DANCR","DOID:10283,DOID:1612,DOID:3347,DOID:9256,DOID:684"
"195","MIR2052HG","DOID:1612"
"196","GPC3-AS1","DOID:684"
"197","GIHCG","DOID:684"
"198","ENSMUST00000147869","DOID:2370"
"199","RP11-702B10.1","DOID:5041"
"200","RP11-523H24.3","DOID:5041"
"201","CYTOR","DOID:219,DOID:1612,DOID:4450,DOID:684,DOID:1793"
"202","KIAA0087","DOID:1380"
"203","RP11-501O2","DOID:1380"
"204","FAM212B-AS1","DOID:1380"
"205","LOC102723552","DOID:1380"
"206","RP11-140I24","DOID:1380"
"207","RP11-600K151","DOID:1380"
"208","ENST00000438347","DOID:684"
"209","LINC00601","DOID:684"
"210","CXCL1P1","DOID:684"
"211","CASC11","DOID:684,DOID:9256"
"212","LRRC75A-AS1","DOID:7148"
"213","ENST00000438399","DOID:7148"
"214","uc004afb.1","DOID:7148"
"215","RPKG1-AS1","DOID:7148"
"216","NEXN-AS1","DOID:1324"
"217","uc.338","DOID:1324,DOID:684"
"218","MSNP1AS","DOID:0060041"
"219","uc.345","DOID:1793"
"220","GATA6-AS1","DOID:1040"
"221","LOC285194","DOID:9256,DOID:3498"
"222","RP11-462C24.1","DOID:9256"
"223","lncCAMTA1","DOID:3571"
"224","ASAP1-IT1","DOID:2394"
"225","FAM215A","DOID:2394"
"226","LINC00472","DOID:2394,DOID:1612"
"227","RP11-248E9.5","DOID:552"
"228","RP11-456D7.1","DOID:552"
"229","CPS1-IT1","DOID:1324,DOID:684,DOID:4928"
"230","NONHSAT089447","DOID:5419"
"231","NONHSAT041499","DOID:5419"
"232","IRAIN","DOID:1793,DOID:1612"
"233","PCBP2-OT1","DOID:0050865"
"234","LINC00339","DOID:3498"
"235","LINC00520","DOID:1612"
"236","NR_026689","DOID:2394,DOID:1324"
"237","HIF-2伪","DOID:3347"
"238","RNCR3","DOID:9351"
"239","NKILA","DOID:0050865,DOID:1612"
"240","uc009yby.1","DOID:4450"
"241","AC145110.1","DOID:1612"
"242","RP1-13P20.6","DOID:9256"
"243","LEF1-AS1","DOID:9256"
"244","LINC00460","DOID:9256"
"245","HOXC-AS1","DOID:1936"
"246","LOC100505976","DOID:2876"
"247","XLOC_l2_010636","DOID:2876"
"248","LINC01138","DOID:10283"
"249","SUZ12P1","DOID:10283"
"250","SLC25A25-AS1","DOID:9256"
"251","SNHG20","DOID:9256,DOID:684"
"252","MIR22HG","DOID:2394"
"253","SNHG6","DOID:684"
"254","UFC1","DOID:8398,DOID:684"
"255","RBM5-AS1/LUST","DOID:219"
"256","linc-223","DOID:9119"
"257","SNHG1","DOID:769,DOID:684,DOID:14330,DOID:3069"
"258","MFI2","DOID:3347"
"259","POIR","DOID:824"
"260","LOC729966","DOID:3969"
"261","CHRF","DOID:10325"
"262","RBMY2FP","DOID:684"
"263","RSU1P2","DOID:4362"
"264","MELOE","DOID:1909"
"265","LINC01089","DOID:1612,DOID:3069"
"266","TMSB4","DOID:8398"
"267","P2RX7-V3","DOID:6039"
"268","RPLP0P2","DOID:3910"
"269","PCAT6","DOID:1324"
"270","GCASPC","DOID:3121"
"271","uc.63","DOID:1612"
"272","CASC9","DOID:5041"
"273","uc004cov.4","DOID:11984"
"274","uc022bqu.1","DOID:11984"
"275","CLMAT3","DOID:9256"
"276","FER1L4","DOID:1380,DOID:219"
"277","LINC00052","DOID:684,DOID:1612"
"278","MINCR","DOID:3121,DOID:8584"
"279","SOCS2-AS1","DOID:10283"
"280","NEAT1_2","DOID:332"
"281","UCHL1-AS1","DOID:14330"
"282","HAR1","DOID:12858"
"283","CAT104","DOID:1612"
"284","LINC01234","DOID:1612"
"285","STXBP5-AS1","DOID:1612"
"286","LINC00115","DOID:3910"
"287","HMlincRNA717","DOID:1793"
"288","MAPT-AS1","DOID:14330"
"289","CAR10","DOID:1324"
"290","LINC00673","DOID:3498,DOID:1793,DOID:1909"
"291","GAPLINC","DOID:9256"
"292","CASC8","DOID:1324"
"293","lnc-尾-Catm","DOID:684"
"294","APOC1P1-3","DOID:1612"
"295","PAX8-AS1","DOID:4362"
"296","lnc-CC3","DOID:4362"
"297","AK021595","DOID:1324"
"298","BC030759","DOID:1324"
"299","AK000053","DOID:1324"
"300","AK124307","DOID:1324"
"301","BC020384","DOID:1324"
"302","AK022024","DOID:1324"
"303","CR615992","DOID:1324"
"304","AF085995","DOID:1324"
"305","ZNF582-AS1","DOID:9256"
"306","PAUPAR","DOID:6039"
"307","SNHG15","DOID:684"
"308","LOC100130476","DOID:6271"
"309","lnc-ZNF354A-1","DOID:7147"
"310","lnc-LIN54-1","DOID:7147"
"311","lnc-FRG2C-3","DOID:7147"
"312","lnc-USP50-2","DOID:7147"
"313","ATB","DOID:10283,DOID:684,DOID:219,DOID:1793,DOID:1612"
"314","RMEL3","DOID:1909"
"315","ZNRD1-AS1","DOID:1324,DOID:4362,DOID:684"
"316","SAMMSON","DOID:1909"
"317","uc.388","DOID:9256"
"318","LOC100507661","DOID:1781"
"319","AL049437","DOID:14330"
"320","AK021630","DOID:14330"
"321","AK033210","DOID:11650"
"322","GHET1","DOID:9256"
"323","lncARSR","DOID:4450"
"324","LINP1","DOID:1612"
"325","AB073614","DOID:2394"
"326","LOC101926975","DOID:10487"
"327","RP4-799P18.3","DOID:2394"
"328","PTPRD-AS1","DOID:2394"
"329","RP11-57P19.1","DOID:2394"
"330","RP11-307C12.11","DOID:2394"
"331","RP11-254I22.1","DOID:2394"
"332","RP11-80H5.7","DOID:2394"
"333","RP1-223E5.4","DOID:2394"
"334","GACAT3","DOID:2394"
"335","FTX","DOID:684,DOID:9256"
"336","Z38","DOID:1612"
"337","CRNDE-h","DOID:9256"
"338","AC024560.2","DOID:4362"
"339","CTD903","DOID:9256"
"340","lnc13","DOID:10608"
"341","MIR503HG","DOID:3594"
"342","LINC00629","DOID:3594"
"343","CILinc01","DOID:8398"
"344","CILinc02","DOID:8398"
"345","PACERR","DOID:8398,DOID:3347"
"346","FGFR3-AS1","DOID:3347"
"347","EPB41L4A-AS2","DOID:1612,DOID:263,DOID:1324"
"348","CTB-89H12.4","DOID:10283"
"349","ucoo2kmd.1","DOID:9256"
"350","SARCC","DOID:4450"
"351","SRA","DOID:1612,DOID:11612"
"352","EVI1","DOID:684"
"353","TCONS_00003876","DOID:1612"
"354","lnc-HOXC4-3:1","DOID:1612"
"355","lnc-TEAD4-1:1","DOID:1612"
"356","RGMB-AS1","DOID:3910"
"357","NORAD","DOID:1612"
"358","GAS8-AS1","DOID:3969"
"359","BC012900","DOID:8577"
"360","TRIM52-AS1","DOID:4450"
"361","LINC00636","DOID:1612"
"362","LINC01405","DOID:1612"
"363","ADARB2-AS1","DOID:1612"
"364","ST8SIA6-AS1","DOID:1612"
"365","DPP10-AS1","DOID:1612"
"366","CYP4B1-PS1","DOID:2370"
"367","AK124454","DOID:1612"
"368","LCAL6","DOID:3910"
"369","RP11-434D9.1","DOID:1612"
"370","BC016831","DOID:1612"
"371","IGKV","DOID:1612"
"372","NONHSAT040387","DOID:0060224"
"373","NONHSAT098586","DOID:0060224"
"374","lnc-LAMC2-1:1","DOID:9256"
"375","MIF-AS1","DOID:585"
"376","AK021954","DOID:1936"
"377","LET","DOID:4450,DOID:4362,DOID:3121"
"378","LncPPAR未","DOID:3393"
"379","CASC15","DOID:2513,DOID:769,DOID:1909"
"380","RP11-181G12.2","DOID:3910"
"381","RP11-89K21","DOID:3910"
"382","OTTHUMT00000387022","DOID:3393"
"383","FEZF1-AS1","DOID:9256"
"384","FALEC","DOID:1781"
"385","ENST00000537266","DOID:3969"
"386","HAGLROS","DOID:3969"
"387","uc.77","DOID:0050156"
"388","2700086A05Rik","DOID:0050156"
"389","PCAT2","DOID:10283"
"390","FGF14-AS2","DOID:1612"
"391","AK027294","DOID:9256"
"392","DILC","DOID:3571"
"393","RP11-395G23.3","DOID:1380"
"394","LA16c-313D11.11","DOID:1380"
"395","GFR伪","DOID:10487"
"396","LOC400891","DOID:10283"
"397","lnc-MX1-1","DOID:10283"
"398","LUNAR1","DOID:0050745"
"399","LINC00635","DOID:1324"
"400","UPAT","DOID:219"
"401","UHRF1","DOID:219"
"402","NONHSAT123350","DOID:4467"
"403","MHRT","DOID:9408"
"404","NUTF2P3","DOID:1793"
"405","LOC389641","DOID:3498"
"406","LINC01207","DOID:3910"
"407","uc001ncr","DOID:684"
"408","AX800134","DOID:684"
"409","C5T1","DOID:7148"
"410","ICR","DOID:684"
"411","ICAM-1","DOID:684"
"412","XLOC_011402","DOID:11612"
"413","ENST00000454271","DOID:11612"
"414","ENST00000433673","DOID:11612"
"415","LINC01828","DOID:11612"
"416","ENST00000432431","DOID:11612"
"417","lncRNA-HIF2PUT","DOID:9256"
"418","FENDRR","DOID:1324,DOID:3347"
"419","SGO1-AS1","DOID:1324"
"420","NR_024118","DOID:7148"
"421","53BP1","DOID:1612"
"422","RP11-284N8.3.1","DOID:2394"
"423","AC104699.1.1","DOID:2394"
"424","AC002454.1","DOID:289"
"425","AK056155","DOID:0050466"
"426","BX647187","DOID:10283"
"427","NONHSAT037832","DOID:3969"
"428","lnc-ZNF180-2","DOID:4467"
"429","linc-ITGB1","DOID:1612,DOID:3121"
"430","MVIH","DOID:1612,DOID:684"
"431","LINC01419","DOID:684"
"432","AK021443","DOID:684"
"433","AF070632","DOID:684"
"434","PCATs","DOID:10283"
"435","TRPM2-AS","DOID:10283"
"436","CECR7","DOID:684"
"437","LINC00346","DOID:684"
"438","MAPKAPK5-AS1","DOID:684"
"439","LOC338651","DOID:684"
"440","FLJ90757","DOID:684"
"441","LOC283663","DOID:684"
"442","SNHG12","DOID:3347,DOID:1380"
"443","FOXC2-AS1","DOID:3347"
"444","lncTCF7","DOID:684,DOID:3571"
"445","NONHSAG011351","DOID:9744"
"446","FAM30A","DOID:3121"
"447","RP11-567G11.1","DOID:1793"
"448","LINC01016","DOID:1612"
"449","LINC00160","DOID:1612"
"450","lncRNA-Hh","DOID:1612"
"451","lncRNA-DLEU1","DOID:1612"
"452","TP73-AS1","DOID:9538"
"453","PTPRG-AS1","DOID:1612"
"454","RASSF1-AS1","DOID:1612"
"455","DBH-AS1","DOID:684"
"456","LINC01617","DOID:9256"
"457","LOC152578","DOID:9256"
"458","LINC01507","DOID:9256"
"459","RP11-457M11.2","DOID:3910"
"460","n336934","DOID:10652"
"461","LINC01616","DOID:10652"
"462","LINC00675","DOID:3498"
"463","LOXL1-AS1","DOID:13641"
"464","LUADT1","DOID:3910"
"465","PCAT5","DOID:10283"
"466","FTH1P3","DOID:0050866"
"467","PDIA3F","DOID:0050866"
"468","GTF2IRD2P1","DOID:0050866"
"469","EGFR-AS1","DOID:684"
"470","BC002811","DOID:3069"
"471","XLOC_010967","DOID:3069"
"472","TUNAR","DOID:1612"
"473","LINC00313","DOID:1324"
"474","AOC4P","DOID:684"
"475","EGOT","DOID:1612"
"476","lncRNA-AK058003","DOID:1612"
"477","LK4P2","DOID:684"
"478","TCONS_l2_00001418","DOID:10283"
"479","TCONS_l2_00008237","DOID:10283"
"480","TCONS_l2_00011130","DOID:10283"
"481","TCONS_l2_00013175","DOID:10283"
"482","TCONS_l2_00022611","DOID:10283"
"483","TCONS_l2_00022670","DOID:10283"
"484","linc-PXN-1","DOID:10283"
"485","XR_250621.1","DOID:1612"
"486","NONHSAT125629","DOID:1612"
"487","DLX6-AS1","DOID:3910"
"488","AF339813","DOID:1793"
"489","LINC00993","DOID:1612"
"490","CCAL","DOID:9256"
"491","LINC0949","DOID:9074"
"492","RP11-445H22.4","DOID:1612,DOID:8398"
"493","LINC00261","DOID:1793"
"494","ZXF2","DOID:3910"
"495","LINC01296","DOID:9256"
"496","MIR4435-2HG","DOID:1324"
"497","APF","DOID:5844"
"498","Lnc_bc060912","DOID:1324"
"499","LNC00964-3","DOID:9256"
"500","RP11-160H22.5","DOID:684"
"501","XLOC_014172","DOID:684"
"502","LOC149086","DOID:684"
"503","PCAT29","DOID:3910,DOID:4467,DOID:684,DOID:8923,DOID:10283"
"504","RP4-583P15.10","DOID:1612"
"505","Abhd11os","DOID:12858"
"506","HIT","DOID:1612"
"507","FR0348383","DOID:10283"
"508","TCONS_00032546","DOID:0060224"
"509","TCONS_00026102","DOID:0060224"
"510","lincRNA-TSPAN8","DOID:684"
"511","RP5-1014O16.1","DOID:684"
"512","uc.343","DOID:8398"
"513","HAGLR","DOID:769"
"514","LINC01018","DOID:684"
"515","uc003wbd","DOID:684"
"516","AF085935","DOID:684"
"517","LINC00974","DOID:684"
"518","lncRNA-422","DOID:9256"
"519","HIF2PUT","DOID:3347"
"520","PMS2L2","DOID:8398"
"521","CTD-2574D22.4","DOID:8398"
"522","R05532","DOID:9256"
"523","EWSAT1","DOID:3369"
"524","ENSG00000261777","DOID:10283"
"525","PTCSC2","DOID:3969"
"526","CERNA2","DOID:2394"
"527","U79277","DOID:1612"
"528","AK024118","DOID:1612"
"529","BC040204","DOID:1612"
"530","AK000974","DOID:1612"
"531","MT1DP","DOID:3571"
"532","AC026166.2","DOID:2876"
"533","RP11-169D4.1","DOID:2876"
"534","LINC00582","DOID:1380"
"535","H1.3","DOID:2394"
"536","BC008363","DOID:3498"
"537","RCCRT1","DOID:4450"
"538","LOC283177","DOID:0050745"
"539","DIRC3","DOID:1612"
"540","NCRUPAR","DOID:9256"
"541","LCAL1","DOID:1324"
"542","LOC100132354","DOID:3910"
"543","RP11-325I22.2","DOID:3910"
"544","LOC440905","DOID:3910"
"545","SNAR","DOID:219"
"546","AF118081","DOID:1324"
"547","lnc-MBL2-4:3","DOID:0050865"
"548","lnc-STXBP5-1","DOID:0050865"
"549","CADM1-AS1","DOID:4467"
"550","CAI2","DOID:769"
"551","MIR99AHG","DOID:8692"
"552","BC017743","DOID:684"
"553","ENST00000395084","DOID:684"
"554","ZNF674-AS1","DOID:684"
"555","PRR26","DOID:684"
"556","AK056988","DOID:684"
"557","uc003yqb.1","DOID:684"
"558","LINC01080","DOID:10652"
"559","URHC","DOID:684"
"560","AK307796","DOID:9256"
"561","ENST00000425785","DOID:9256"
"562","AK021444","DOID:9256"
"563","HOXB-AS3","DOID:9256"
"564","EBIC","DOID:4362"
"565","MYCNUT","DOID:769"
"566","FOXCUT","DOID:0050866"
"567","CASC22","DOID:1612"
"568","TCONS_00018278","DOID:684"
"569","AK093543","DOID:684"
"570","D16366","DOID:684"
"571","ENST00000501583","DOID:684"
"572","BGLT3","DOID:8552"
"573","AK123657","DOID:9256"
"574","BX648207","DOID:9256"
"575","BX649059","DOID:9256"
"576","CAHM","DOID:9256"
"577","lncRNA-CIR","DOID:8398"
"578","CARL","DOID:5844"
"579","LINC00467","DOID:769"
"580","PCAT18","DOID:10283"
"581","lincRNA1611","DOID:3498"
"582","Ppp3ca","DOID:3498"
"583","ZNF300P1","DOID:2394"
"584","LOC391533","DOID:10591"
"585","LOC284100","DOID:10591"
"586","CEACAMP8","DOID:10591"
"587","OVAAL","DOID:2394"
"588","TUC339","DOID:684"
"589","DQ786227","DOID:1324"
"590","AC068718.1","DOID:2055"
"591","LUCAT1","DOID:1324"
"592","Llme23","DOID:1909"
"593","CK19","DOID:1612"
"594","RERT","DOID:684"
"595","LINC00887","DOID:4467"
"596","X91348","DOID:4467"
"597","BC029135","DOID:4467"
"598","LOC389332","DOID:4467"
